jramos Jesus Ramos <jesus.ramos@avagotech.com>
g_tejeda
null
jgomez
ehernandez
javier.garcia
veronica.flores
alara
grodriguez
omar.a.salazar
victor.a.zapata
amendez
jrojas
jjcastillo Juan Castillo <juan.castillo@avagotech.com>
jzumaya Julio Zumaya <julio.zumaya@avagotech.com>
jramirez Ramon Ramirez <juan.ramirez@avagotech.com>
macevedo Marcos Acevedo <marcos.acevedo@avagotech.com>
luis.requena Luis Requena <luis.requena@avagotech.com>
jose.perez Jose Perez <jose.perez@avagotech.com>
evaldez Eliud Valdez <eliud.valdez@avagotech.com>
ijimenez Isai Jimenez <isai.jimenez@avagotech.com>
pedro.e.becerra
eduardo.balleza
agamez Angelica Gamez <angelica.gamez@avagotech.com>
afgarcia Francisco Garcia <aaron.garcia@avagotech.com>
obed.espinoza Obed Espinoza <obed.espinoza@avagotech.com>
israel.ocampo
jcaballero Jesus Caballero <jesus.caballero@avagotech.com>
jrios Jorge Rios <jorge.rios@avagotech.com>
ocobos Omar Cobos <omar.cobos@avagotech.com>
pzuniga Pablo Zuniga <pablo.zuniga@avagotech.com>
frodriguez Flavio Rodriguez <flavio.rodriguez@avagotech.com>
ecortes Luis Cortes <luis.cortes@avagotech.com>
aeperez Ernesto Perez <alejandro.perez@avagotech.com>
erios Axel Rios <edgar.rios@avagotech.com>
cdeyta David Deyta <carlos.deyta@avagotech.com>
david.rodriguez
jbanda Jesus Banda <jesus.banda@avagotech.com>
ricardo.solis
hrojas Humberto Rojas <humberto.rojas@avagotech.com>
easequeda Eduardo Sequeda <eduardo.sequeda@avagotech.com>
nemartinez Nestor Martinez <nestor.martinez@avagotech.com>
jcrodriguez Carlos Rodriguez <jose.rodriguez@avagotech.com>
juan.flores
ogaytan Oliver Gaytan <oliver.gaytan@avagotech.com>
natijerina Nestor Tijerina <nestor.tijerina@avagotech.com>
oscar.i.bastian
alperez Alberto Perez <alberto.perez@avagotech.com>
demis.araguz
Emmanuel Rodriguez <emmanuel.rodriguez@avagotech.com>